state,year,y_tourist_density,x1_transit_density,x2_digital_index,x3_state_score,x4_accommodation_density,x5_gdp_per_capita,y_tourist_density_log,x1_transit_density_log,x4_accommodation_density_log,x5_gdp_per_capita_log
Johor,2018,702.094634,0.001301,0.432500,82.920000,1.575065,34828.491230,6.555491,0.001301,0.945875,10.458220
Kedah,2018,1536.015529,0.001485,0.537200,68.920000,2.063435,20713.744800,7.337598,0.001484,1.119537,9.938601
Kelantan,2018,652.104340,0.000530,0.770500,73.080000,0.358103,12976.453100,6.481737,0.000530,0.306089,9.470969
Melaka,2018,7629.421025,0.002907,0.351500,80.170000,11.378488,45940.666740,8.939898,0.002903,2.515960,10.735128
Negeri Sembilan,2018,1914.765017,0.001047,0.552700,19.580000,1.698923,40692.884500,7.557872,0.001046,0.992853,10.613833
Pahang,2018,503.582833,0.000473,0.634000,28.170000,0.803031,33813.864360,6.223732,0.000473,0.589469,10.428656
Pulau Pinang,2018,14015.995335,0.009699,0.239100,83.170000,19.951503,51755.295550,9.548026,0.009653,3.042210,10.854301
Perak,2018,834.474029,0.001188,0.650200,83.830000,0.984787,29171.483920,6.727999,0.001188,0.685512,10.280981
Perlis,2018,2625.466387,0.004872,0.322600,45.420000,1.660171,23216.426040,7.873395,0.004860,0.978390,10.052658
Selangor,2018,3723.969300,0.001728,0.246800,68.250000,3.995681,49917.442320,8.222814,0.001726,1.608574,10.818146
Terengganu,2018,1060.777025,0.000695,0.761900,65.670000,0.775531,28362.947160,6.967699,0.000694,0.574099,10.252874
Sabah,2018,267.488420,0.000118,0.663800,68.670000,0.366130,21806.899240,5.592808,0.000118,0.311982,9.990028
Sarawak,2018,155.727041,0.000096,0.720100,67.500000,0.226629,47644.740840,5.054506,0.000096,0.204270,10.771549
W.P. Kuala Lumpur,2018,78870.358730,0.057613,0.499300,55.830000,235.744856,116765.034970,11.275573,0.056015,5.466983,11.667928
W.P. Labuan,2018,5946.442842,0.021825,1.000000,60.500000,25.032737,73181.222220,8.690717,0.021590,3.259355,11.200708
W.P. Putrajaya,2018,38610.346803,0.020408,0.415500,71.420000,27.204082,116765.034970,10.561301,0.020203,3.339467,11.667928
Johor,2019,743.050495,0.001301,0.405300,81.420000,1.856092,35686.998300,6.612109,0.001301,1.049454,10.482570
Kedah,2019,1573.247056,0.001485,0.529800,74.830000,2.131759,21549.063350,7.361532,0.001484,1.141595,9.978134
Kelantan,2019,727.597854,0.000530,0.780800,79.580000,0.399563,13525.415650,6.591122,0.000530,0.336160,9.512400
Melaka,2019,8127.325581,0.002907,0.337400,87.920000,12.649419,46944.632700,9.003110,0.002903,2.613697,10.756745
Negeri Sembilan,2019,1989.679928,0.001047,0.583700,19.170000,1.993270,42650.998050,7.596232,0.001046,1.096366,10.660829
Pahang,2019,514.333380,0.000473,0.652000,29.170000,0.888975,34961.333010,6.244814,0.000473,0.636035,10.462027
Pulau Pinang,2019,14947.623666,0.009699,0.236000,87.580000,23.051406,53508.227050,9.612375,0.009653,3.180193,10.887609
Perak,2019,1001.663894,0.001236,0.645400,83.170000,0.959258,30290.460780,6.910416,0.001235,0.672566,10.318621
Perlis,2019,2543.239951,0.004872,0.323300,54.330000,1.757613,24217.850390,7.841587,0.004860,1.014365,10.094887
Selangor,2019,4144.743337,0.001851,0.246300,69.830000,4.414610,53028.459600,8.329837,0.001849,1.689101,10.878603
Terengganu,2019,1092.859900,0.000618,0.790800,69.170000,0.846804,28927.697870,6.997468,0.000617,0.613456,10.272589
Sabah,2019,289.496157,0.000118,0.632000,63.670000,0.396255,21934.660900,5.671590,0.000118,0.333793,9.995869
Sarawak,2019,159.043793,0.000096,0.703700,69.080000,0.236351,48738.126870,5.075447,0.000096,0.212165,10.794237
W.P. Kuala Lumpur,2019,93139.917695,0.057613,0.503500,58.670000,255.008230,123949.577460,11.441869,0.056015,5.545210,11.727638
W.P. Labuan,2019,5718.027062,0.021825,0.285200,70.830000,25.960279,76770.070490,8.651554,0.021590,3.294365,11.248583
W.P. Putrajaya,2019,39775.510204,0.020408,0.394700,80.420000,31.653061,123949.577460,10.591032,0.020203,3.485939,11.727638
Johor,2020,377.043207,0.001301,0.392300,69.170000,1.782034,31940.934230,5.935008,0.001301,1.023182,10.371675
Kedah,2020,1072.239313,0.001485,0.499800,71.420000,2.121045,21601.978980,6.978437,0.001484,1.138168,9.980586
Kelantan,2020,401.218624,0.000530,0.767400,73.420000,0.401020,14051.719940,5.996996,0.000530,0.337200,9.550571
Melaka,2020,4229.651163,0.002907,0.358800,70.580000,11.971512,41096.202920,8.350111,0.002903,2.562756,10.623695
Negeri Sembilan,2020,1184.265630,0.001047,0.575100,19.830000,1.977583,38613.417500,7.077722,0.001046,1.091112,10.561381
Pahang,2020,275.406645,0.000473,0.735300,31.170000,0.879714,34490.958340,5.621873,0.000473,0.631120,10.448481
Pulau Pinang,2020,8660.523763,0.009699,0.252200,64.920000,22.419156,53258.263620,9.066646,0.009653,3.153554,10.882927
Perak,2020,626.241978,0.001236,0.663100,80.000000,0.928215,29753.199920,6.441332,0.001235,0.656595,10.300726
Perlis,2020,1453.105968,0.004872,0.386800,52.920000,1.838002,20305.605480,7.282147,0.004860,1.043100,9.918702
Selangor,2020,2432.749260,0.001851,0.283800,69.500000,4.358712,46723.850510,7.797188,0.001849,1.678724,10.752031
Terengganu,2020,572.751833,0.000695,0.809100,60.250000,0.860163,29575.458500,6.352197,0.000694,0.620664,10.294734
Sabah,2020,135.807659,0.000118,0.636400,66.420000,0.380213,22768.237980,4.918576,0.000118,0.322238,10.033166
Sarawak,2020,75.476095,0.000096,0.669700,77.170000,0.236657,51985.282630,4.336978,0.000096,0.212412,10.858735
W.P. Kuala Lumpur,2020,51172.839506,0.057613,0.495000,38.250000,247.304527,103976.972700,10.842984,0.056015,5.514656,11.551934
W.P. Labuan,2020,1167.612396,0.021825,0.510900,65.250000,25.960279,80056.372240,7.063572,0.021590,3.294365,11.290499
W.P. Putrajaya,2020,9204.081633,0.020408,0.386800,64.420000,31.653061,103976.972700,9.127511,0.020203,3.485939,11.551934
Johor,2021,190.398230,0.001301,0.394300,56.580000,1.870477,32647.507710,5.254356,0.001301,1.054478,10.393554
Kedah,2021,426.753156,0.001485,0.488000,70.250000,2.015921,22077.923500,6.058546,0.001484,1.103905,10.002379
Kelantan,2021,127.222333,0.000530,0.772100,71.330000,0.415789,14226.063570,4.853766,0.000530,0.347687,9.562901
Melaka,2021,2254.732558,0.002326,0.412900,62.670000,11.511384,41684.053760,7.721230,0.002323,2.526639,10.637898
Negeri Sembilan,2021,820.396351,0.001047,0.620800,21.670000,1.727359,39683.683770,6.711006,0.001046,1.003334,10.588721
Pahang,2021,94.669039,0.000500,0.834400,35.580000,0.947225,34617.610990,4.560895,0.000500,0.666405,10.452147
Pulau Pinang,2021,4908.694471,0.009699,0.260400,54.330000,20.209059,56967.783910,8.498967,0.009653,3.054428,10.950259
Perak,2021,213.419206,0.001284,0.643600,81.170000,0.919705,30567.214010,5.367933,0.001283,0.652172,10.327716
Perlis,2021,495.488429,0.004872,0.404800,59.670000,1.657734,20398.643950,6.207560,0.004860,0.977474,9.923273
Selangor,2021,1260.066634,0.001851,0.301800,79.830000,3.894743,49054.519940,7.139713,0.001849,1.588162,10.800708
Terengganu,2021,287.074643,0.000695,0.936500,58.080000,0.832683,30098.144700,5.663220,0.000694,0.605781,10.312252
Sabah,2021,50.121737,0.000105,0.657700,58.170000,0.377366,23149.525000,3.934210,0.000105,0.320173,10.049773
Sarawak,2021,52.317397,0.000096,0.673600,70.670000,0.238941,53371.949220,3.976263,0.000096,0.214257,10.885059
W.P. Kuala Lumpur,2021,37514.423868,0.057613,0.554200,45.000000,231.827160,105754.002020,10.532507,0.056015,5.450296,11.568880
W.P. Labuan,2021,588.160192,0.021825,1.000000,64.580000,25.993016,79684.052080,6.378698,0.021590,3.295578,11.285837
W.P. Putrajaya,2021,4551.142857,0.020408,0.523000,63.420000,37.612245,105754.002020,8.423353,0.020203,3.653569,11.568880
Johor,2022,644.258303,0.001301,0.380100,79.420000,1.815957,35342.375690,6.469651,0.001301,1.035302,10.472866
Kedah,2022,1186.612602,0.001485,0.493000,73.580000,1.894062,23569.008830,7.079700,0.001484,1.062661,10.067730
Kelantan,2022,438.913504,0.000530,0.735900,75.830000,0.412178,14713.517970,6.086578,0.000530,0.345133,9.596590
Melaka,2022,6835.561628,0.002907,0.326900,79.920000,11.351831,45190.397580,8.830040,0.002903,2.513804,10.718662
Negeri Sembilan,2022,1718.537840,0.001047,0.582700,21.330000,1.697279,42171.755940,7.449811,0.001046,0.992244,10.649530
Pahang,2022,366.716502,0.000500,0.760900,32.000000,0.962228,38249.522390,5.907312,0.000500,0.674081,10.551912
Pulau Pinang,2022,9701.973812,0.009699,0.252600,74.920000,24.112211,64495.980240,9.180188,0.009653,3.223354,11.074374
Perak,2022,692.499501,0.001284,0.632600,80.250000,0.957369,31986.512090,6.541751,0.001283,0.671601,10.373101
Perlis,2022,2033.099878,0.004872,0.312000,75.330000,1.723155,21428.423050,7.617809,0.004860,1.001791,9.972520
Selangor,2022,2713.420286,0.001851,0.269300,78.580000,4.094995,54630.128930,7.906334,0.001849,1.628259,10.908359
Terengganu,2022,789.909842,0.000695,0.864100,73.080000,0.857525,31479.723580,6.673184,0.000694,0.619245,10.357131
Sabah,2022,165.394535,0.000105,0.583600,58.250000,0.341927,24043.581950,5.114362,0.000105,0.294107,10.087665
Sarawak,2022,124.263728,0.000096,0.668200,67.330000,0.212362,56882.486760,4.830421,0.000096,0.192571,10.948760
W.P. Kuala Lumpur,2022,69598.905350,0.061728,0.496700,86.580000,228.975309,115733.585800,11.150518,0.059898,5.437972,11.659055
W.P. Labuan,2022,2659.264513,0.021825,0.548500,73.250000,26.022261,82172.456140,7.886181,0.021590,3.296661,11.316588
W.P. Putrajaya,2022,26649.142857,0.020408,0.420900,75.670000,39.530612,115733.585800,10.190550,0.020203,3.702058,11.659055
